videoId,textDisplay,textOriginal,authorDisplayName,authorProfileImageUrl,authorChannelUrl,authorChannelId,canRate,viewerRating,likeCount,publishedAt,updatedAt,parentId,commentId
G4EVRUFttG0,"Our community is creating +100 memes per day!<br>Join-<br><a href=""https://www.reddit.com/r/DesiVideoMemes/"">https://www.reddit.com/r/DesiVideoMemes/</a>","Our community is creating +100 memes per day!
Join-
https://www.reddit.com/r/DesiVideoMemes/",MemeMandir,https://yt3.ggpht.com/ytc/AGIKgqMp5pvb5WoGDH5IzEY2YTA7M1fnrWhG4u4EJq93QA=s48-c-k-c0x00ffffff-no-rj,http://www.youtube.com/channel/UCg5ogbPlpn8DN-NrLPK12VQ,{'value': 'UCg5ogbPlpn8DN-NrLPK12VQ'},True,none,2,2023-07-04T00:29:56Z,2023-07-04T00:29:56Z,,UgxUjwAaGVCqDDDXsCx4AaABAg
G4EVRUFttG0,SPIDERMAN IS KHALISTANI üò¢üò¢üò¢,SPIDERMAN IS KHALISTANI üò¢üò¢üò¢,Do,https://yt3.ggpht.com/ytc/AGIKgqPcYE6KGvMZdc9NqdNOJTvDyugnXKqANOEGyF29ms2jh5mXW6rl2yg00RQ2SM-YDA=s48-c-k-c0x00ffffff-no-rj,http://www.youtube.com/channel/UC1jnlx9hNzgL0vJlAm1aaNQ,{'value': 'UC1jnlx9hNzgL0vJlAm1aaNQ'},True,none,0,2023-07-05T06:19:49Z,2023-07-05T06:19:49Z,,UgxMdUxNT4Ig0gxvVcV4AaABAg
G4EVRUFttG0,What‚Äôs a example of a canon event,What‚Äôs a example of a canon event,Its_Mikaela,https://yt3.ggpht.com/iKomXlruAZwpxg2tuaI7LwHCqM6O_RD4e5VOTFiGCwMUhQl1O8lVKIK6-z83tpd1TjsAhisISQ=s48-c-k-c0x00ffffff-no-rj,http://www.youtube.com/channel/UCh3h6xGai38OTY6Vdthjr6Q,{'value': 'UCh3h6xGai38OTY6Vdthjr6Q'},True,none,0,2023-07-05T00:29:13Z,2023-07-05T00:29:13Z,,UgyOx58tkXakqBqM7nZ4AaABAg
G4EVRUFttG0,Delete and Apologize. Or my masterclass awaits for you. I hope you make the right decision.,Delete and Apologize. Or my masterclass awaits for you. I hope you make the right decision.,Ankit Pandey,https://yt3.ggpht.com/ytc/AGIKgqPKmgI014fufMMHsg7-ofVISkCpfkz97d0Q3xdVvM8=s48-c-k-c0x00ffffff-no-rj,http://www.youtube.com/channel/UChtKfxzG--c5uYJeaTaD_rg,{'value': 'UChtKfxzG--c5uYJeaTaD_rg'},True,none,0,2023-07-04T10:41:07Z,2023-07-04T10:41:29Z,,Ugw-EUy2W3JFsPUv2A94AaABAg
G4EVRUFttG0,Ain&#39;t no way üíÄüíÄ‚ò†,Ain't no way üíÄüíÄ‚ò†,Darshil Jain,https://yt3.ggpht.com/ytc/AGIKgqMjgtNmw7XVdn3_cldqWjPtIAIlggOKCLESSPCyVQ=s48-c-k-c0x00ffffff-no-rj,http://www.youtube.com/channel/UCNAsbml6BgiOVeILwF_2A9g,{'value': 'UCNAsbml6BgiOVeILwF_2A9g'},True,none,1,2023-07-03T13:05:39Z,2023-07-03T13:05:39Z,,Ugw7DXrDhacNXgSG-t14AaABAg
G4EVRUFttG0,üíÄ,üíÄ,Shivansh Pratap Singh,https://yt3.ggpht.com/44-uCi8BrwFzjaIIycGLeVEL2DeqVoP6NRtD9xk_O9M9r09UpQbB4H_DSpmagfREcvnuv5KOMw=s48-c-k-c0x00ffffff-no-rj,http://www.youtube.com/channel/UCT5-AwdB6HZj7rSor_2ib0g,{'value': 'UCT5-AwdB6HZj7rSor_2ib0g'},True,none,0,2023-07-03T08:55:15Z,2023-07-03T08:55:15Z,,UgzYPycV7h7N400HuOF4AaABAg
G4EVRUFttG0,Kaneda&#39;s favorite meme,Kaneda's favorite meme,Redemption Radical,https://yt3.ggpht.com/W8z00FodniMPX1giEAM1oGDkya7s4fgG-31haXGSqf7opy69yLj8cmBPZzH0atLge8t9bHcPO-Y=s48-c-k-c0x00ffffff-no-rj,http://www.youtube.com/channel/UCM_CJFtEVx90hiyulQg18-w,{'value': 'UCM_CJFtEVx90hiyulQg18-w'},True,none,5,2023-07-03T00:06:19Z,2023-07-03T00:06:19Z,,UgxUpowfFGetzN6vs2F4AaABAg
G4EVRUFttG0,sponsored by modi ji,sponsored by modi ji,Basuwans,https://yt3.ggpht.com/js9uhdMONHcI4FnK5xMLoSMxwPutr26a_W8aS1Gz2Kd595h0f-rKzJGMkXB5Kk0_GKYU6TFXoA=s48-c-k-c0x00ffffff-no-rj,http://www.youtube.com/channel/UCoWwGByDobmaxcsqYt5wqbA,{'value': 'UCoWwGByDobmaxcsqYt5wqbA'},True,none,0,2023-07-02T21:13:25Z,2023-07-02T21:13:25Z,,UgzHsKCJshqHERGVQVt4AaABAg
G4EVRUFttG0,Ladusing,Ladusing,Dafa Firmansyah,https://yt3.ggpht.com/-vR655EuUDol0SkwG4YyI59EfT-iak4SCtAiKIqB45lT-bv9YpZMhRLPiG0-uAqA47A_Z85hkv0=s48-c-k-c0x00ffffff-no-rj,http://www.youtube.com/channel/UCskhzq2ywyFZc1PYcUR6iGQ,{'value': 'UCskhzq2ywyFZc1PYcUR6iGQ'},True,none,1,2023-07-02T17:26:07Z,2023-07-02T17:26:07Z,,Ugw8GkOvv7iNlnp62KJ4AaABAg
G4EVRUFttG0,Bsdk...why u wanna show Punjabi r tarroresits,Bsdk...why u wanna show Punjabi r tarroresits,Roman Reigns,https://yt3.ggpht.com/ytc/AGIKgqPHmCddpMP5XUUgkKPTvw1Mi4cULul3vfk2Wg=s48-c-k-c0x00ffffff-no-rj,http://www.youtube.com/channel/UCs1SkobK8St4PjpIdTM_AMQ,{'value': 'UCs1SkobK8St4PjpIdTM_AMQ'},True,none,1,2023-07-02T16:55:43Z,2023-07-02T16:55:43Z,,Ugzg8arsfHvPHjRWNWV4AaABAg
G4EVRUFttG0,i dont get it,i dont get it,TheGoofChannel,https://yt3.ggpht.com/gBVxXR6vWNkk66taxLlL8m1JrqHeuQia54iK1eeFQb7opgDNgcF7jcVUHSP9Odqc_nDYAufVXg=s48-c-k-c0x00ffffff-no-rj,http://www.youtube.com/channel/UCmV6b-doeYydoMyylxhHYrA,{'value': 'UCmV6b-doeYydoMyylxhHYrA'},True,none,0,2023-07-02T16:53:26Z,2023-07-02T16:53:26Z,,Ugxw5AVvVba8TqgMXz14AaABAg
G4EVRUFttG0,Oye papajiüë≥‚Äç‚ôÄÔ∏èüë≥‚Äç‚ôÄÔ∏è,Oye papajiüë≥‚Äç‚ôÄÔ∏èüë≥‚Äç‚ôÄÔ∏è,Prathak Mehta,https://yt3.ggpht.com/ytc/AGIKgqM5txWzGXENWPgvMTEBkrkVXEz5ZElsIgmjptaG9hMbE5CaQHXsBkPbB4T3Z3ZX=s48-c-k-c0x00ffffff-no-rj,http://www.youtube.com/channel/UCJtqfJNMZNiBolVTcZ7slVQ,{'value': 'UCJtqfJNMZNiBolVTcZ7slVQ'},True,none,6,2023-07-02T14:45:31Z,2023-07-02T14:45:31Z,,Ugx2AZU0rnkDln4enYx4AaABAg
G4EVRUFttG0,Damnn üíÄ,Damnn üíÄ,Noob,https://yt3.ggpht.com/Q6KqvWjeD7lRPSUA46L2tSTd4iBPJlfU1Wy5I0VvxxlzuTCA_Q8RZH5e05v_a_5QKBHgArDH9L8=s48-c-k-c0x00ffffff-no-rj,http://www.youtube.com/channel/UCyhVPMuiavlDxSeBUSGGkXw,{'value': 'UCyhVPMuiavlDxSeBUSGGkXw'},True,none,2,2023-07-02T13:50:17Z,2023-07-02T13:50:17Z,,UgyuyzGvwabt3puNIeB4AaABAg
G4EVRUFttG0,Parallel dimension me bhi humara hi dimension gand  marwa raha hai ....üòÇüòÇüòÇ,Parallel dimension me bhi humara hi dimension gand  marwa raha hai ....üòÇüòÇüòÇ,Saurabh Singh,https://yt3.ggpht.com/hz89sIfJkv8-T958mkdJUQoM8AUeq19gvCU96aRKdTCTIliCN-_D2ymY2E-jlLTO6QQV7h64eA=s48-c-k-c0x00ffffff-no-rj,http://www.youtube.com/channel/UC1bdefHN9xJCOZaZ-uawZKQ,{'value': 'UC1bdefHN9xJCOZaZ-uawZKQ'},True,none,0,2023-07-02T12:58:11Z,2023-07-02T12:58:11Z,,Ugw62cw_lVostIzjG2p4AaABAg
G4EVRUFttG0,Pavitri Gandhi,Pavitri Gandhi,DankDevil,https://yt3.ggpht.com/S7tvbiyYVbdBSStDnkxxusyXCWmSesEbicRxAc4lFNYU-hTKMPl4YQu3-VZppVGNXlj8j5lZmg=s48-c-k-c0x00ffffff-no-rj,http://www.youtube.com/channel/UC8ey4P5-pq4_bq6KQHo7kVA,{'value': 'UC8ey4P5-pq4_bq6KQHo7kVA'},True,none,1,2023-07-02T12:03:58Z,2023-07-02T12:03:58Z,,UgyEL9Q_RMStHl3WrEV4AaABAg
G4EVRUFttG0,"this is brutal, do one more üíÄ","this is brutal, do one more üíÄ",Abhinandan A.B.S,https://yt3.ggpht.com/Mdsk855lDF_eRQl_2Kolr5Qo6AEQFZTyjbgHpwbvyFWk5_XKG3PRcVXcHGqsuV31la-pZBKbhg=s48-c-k-c0x00ffffff-no-rj,http://www.youtube.com/channel/UCtjk-f5-_KjwWPVICajT07w,{'value': 'UCtjk-f5-_KjwWPVICajT07w'},True,none,21,2023-07-02T11:43:25Z,2023-07-02T11:43:25Z,,UgyGnhrI9eKVsMmezzh4AaABAg
G4EVRUFttG0,You&#39;re genius bro.,You're genius bro.,Kishan Thapa,https://yt3.ggpht.com/ytc/AGIKgqOPkIFWUBuWyVsn531JZihA4t28dYtDQDvVxCiZQA=s48-c-k-c0x00ffffff-no-rj,http://www.youtube.com/channel/UCy0SjVLf-vhvPB-kA0SLHRw,{'value': 'UCy0SjVLf-vhvPB-kA0SLHRw'},True,none,1,2023-07-02T11:42:11Z,2023-07-02T11:42:11Z,,UgzPqQc-5Pd3nPRsN1x4AaABAg
G4EVRUFttG0,"Bro wtf, it makes sense ü§Øü§Øü§Ø","Bro wtf, it makes sense ü§Øü§Øü§Ø",REDNA018,https://yt3.ggpht.com/eEXEO5TWFfX9wvMKqwQWzjW6Rkqj9Ks01yHhbmrtjoCLEaRvMKnmEjFnlR8p6_6fvu35O46oTA=s48-c-k-c0x00ffffff-no-rj,http://www.youtube.com/channel/UCpEESzUrZYweGM7l7PxXc_Q,{'value': 'UCpEESzUrZYweGM7l7PxXc_Q'},True,none,2,2023-07-02T11:07:49Z,2023-07-02T11:07:49Z,,Ugy_jbTEH7_e7XN6Q454AaABAg
G4EVRUFttG0,Bro wants to be addressed in past tense üò¨üò¨üò¨.üóøüóø,Bro wants to be addressed in past tense üò¨üò¨üò¨.üóøüóø,Mid Phoenix,https://yt3.ggpht.com/ytc/AGIKgqOXMSnIxNiq7-kTuSbVwe7W5wHoUItnJlh-1k7jHx_n5AGoSm8J3JCeoap1_7Rn=s48-c-k-c0x00ffffff-no-rj,http://www.youtube.com/channel/UCpIbOfOBZmEhOyp8CQ1lGvA,{'value': 'UCpIbOfOBZmEhOyp8CQ1lGvA'},True,none,20,2023-07-02T10:54:52Z,2023-07-02T10:54:52Z,,UgzKZegM-ODx3qs2Y7d4AaABAg
G4EVRUFttG0,Lol,Lol,Bateman Edits,https://yt3.ggpht.com/m46I5W7fiSvBiMmbvf3LkrIweGcoT-5m7h6xrtbqSdwWgnP6HdQoQxUdq52yNABCi_WB-z1d=s48-c-k-c0x00ffffff-no-rj,http://www.youtube.com/channel/UC_6GmUErCwQOY-qridR9yIg,{'value': 'UC_6GmUErCwQOY-qridR9yIg'},True,none,0,2023-07-02T10:32:29Z,2023-07-02T10:32:29Z,,Ugz6YWOKO3u6BC-j1dh4AaABAg
G4EVRUFttG0,Bombastic side eye,Bombastic side eye,mukul agarwal,https://yt3.ggpht.com/ytc/AGIKgqOU0Q8klzt_Fb2KaehYzR-fgEuGGdAajV9lJdjgPQ=s48-c-k-c0x00ffffff-no-rj,http://www.youtube.com/channel/UCrcSpk4bRibJRrKuY3i4kFw,{'value': 'UCrcSpk4bRibJRrKuY3i4kFw'},True,none,5,2023-07-02T10:07:39Z,2023-07-02T10:07:39Z,,UgzEVwx3J33EpCgVN8x4AaABAg
G4EVRUFttG0,Ye beant singh aur satwant bodyguard the indira Gandhi ke ... operation blue star  ka nateeja tha jo khud ke gaddar bodyguards ne mar dala,Ye beant singh aur satwant bodyguard the indira Gandhi ke ... operation blue star  ka nateeja tha jo khud ke gaddar bodyguards ne mar dala,Nerd akash,https://yt3.ggpht.com/EnSarxt1qGvMHWIO12rtzznE5zpD2w1mddbpEuqIhpm-kzN6E-476QY5RC0foVnet4ZkQZveNA=s48-c-k-c0x00ffffff-no-rj,http://www.youtube.com/channel/UC1fu-tbOX6NToKylLM0vfkg,{'value': 'UC1fu-tbOX6NToKylLM0vfkg'},True,none,1,2023-07-03T08:36:41Z,2023-07-03T08:36:41Z,UgzNnVaEWuu1awI4VLh4AaABAg,UgzNnVaEWuu1awI4VLh4AaABAg.9rehzjVXCxc9rh8nyTv0Nu
G4EVRUFttG0,"Congress party ne Sikhon ko 1984 Mai marwaya tha, genocide hua tha aur golden temple pay bohot log maare, iska badla lene ke liye iss bodyguard ne Indira gandi ka murder kiya","Congress party ne Sikhon ko 1984 Mai marwaya tha, genocide hua tha aur golden temple pay bohot log maare, iska badla lene ke liye iss bodyguard ne Indira gandi ka murder kiya",Digamber Singh,https://yt3.ggpht.com/UenLEdx3KuisMmyrxPutUTllJJ3T92DXZPVfyfSuMWUaDPKCWuTP2ghfnD0TYwIZpyz8GvQW=s48-c-k-c0x00ffffff-no-rj,http://www.youtube.com/channel/UCLpuYuXNBZfmcBlzEyYrSCA,{'value': 'UCLpuYuXNBZfmcBlzEyYrSCA'},True,none,0,2023-07-02T10:10:22Z,2023-07-02T10:10:22Z,UgzNnVaEWuu1awI4VLh4AaABAg,UgzNnVaEWuu1awI4VLh4AaABAg.9rehzjVXCxc9rejjED0S1b
G4EVRUFttG0,Bhai phirse hojaana hai kaandüòÇ,Bhai phirse hojaana hai kaandüòÇ,Matang,https://yt3.ggpht.com/ytc/AGIKgqOt8BqdCu1TXviBTjYSoRiHVZT_kW3U_2hK6uam=s48-c-k-c0x00ffffff-no-rj,http://www.youtube.com/channel/UC1E-R9rR9TVW3d2JyjsJSGA,{'value': 'UC1E-R9rR9TVW3d2JyjsJSGA'},True,none,1,2023-07-02T09:30:54Z,2023-07-02T09:30:54Z,,UgxLkBWxT_79D3izDA14AaABAg
G4EVRUFttG0,üíÄüíÄ,üíÄüíÄ,Krutik,https://yt3.ggpht.com/PSi7BMH2Nrpj4o98tCk4lQbgDDrwwgpV0miA0c7kQm0Jv2bqkY6pmIVxSO4msRWVoJ8HL3lK=s48-c-k-c0x00ffffff-no-rj,http://www.youtube.com/channel/UCbSoZpyNbJa592XFBAmAKfg,{'value': 'UCbSoZpyNbJa592XFBAmAKfg'},True,none,1,2023-07-02T08:50:49Z,2023-07-02T08:50:49Z,,Ugyit53GG7ZvuUa7ryJ4AaABAg
G4EVRUFttG0,1984 reloaded,1984 reloaded,Amit,https://yt3.ggpht.com/J6VhWefI4Lq48zJcElmjaln5_pjZ6ZRAbWidJxcNEgswIomaHtbVGaBhpR9au3bizY-ffhfI5_o=s48-c-k-c0x00ffffff-no-rj,http://www.youtube.com/channel/UCOTfM6q52KZoGLWqWLiyl6w,{'value': 'UCOTfM6q52KZoGLWqWLiyl6w'},True,none,6,2023-07-02T08:46:26Z,2023-07-02T08:46:26Z,,UgzVPEf3ttmdvvR9RpB4AaABAg
G4EVRUFttG0,ek meme hai canon event usme tum kuch ksr satke ho agar koi puche tumhe ye kyu kar rhe ho bass bolo its a canon event toh vo banda kuch nhi bolta same ye piche indra gandhi ko marne wala banda hai or ye meme ke mutabik jab ye mar rha tha toh dusra banda pucha ye kyu kar rhe ho usne kha its a canon event toh jo puch rha tha vo bhi shamil ho gya,ek meme hai canon event usme tum kuch ksr satke ho agar koi puche tumhe ye kyu kar rhe ho bass bolo its a canon event toh vo banda kuch nhi bolta same ye piche indra gandhi ko marne wala banda hai or ye meme ke mutabik jab ye mar rha tha toh dusra banda pucha ye kyu kar rhe ho usne kha its a canon event toh jo puch rha tha vo bhi shamil ho gya,Funky Vansh,https://yt3.ggpht.com/z3bXEfNmPN6wyiZfy6MbmcoDt_XjTw0DzZqbxo6eUNGUHEIeEpnWJnTrmr3ObjkDTTVmNZpaWg=s48-c-k-c0x00ffffff-no-rj,http://www.youtube.com/channel/UCmDXbgggAOre3VDIOaMGW8g,{'value': 'UCmDXbgggAOre3VDIOaMGW8g'},True,none,0,2023-07-04T06:38:37Z,2023-07-04T06:38:37Z,UgzI2tR8R9MoMQgDSm54AaABAg,UgzI2tR8R9MoMQgDSm54AaABAg.9reXbGl703J9rjW55nO01s
G4EVRUFttG0,Sayad wo assassin hai Indira Gandhi ka,Sayad wo assassin hai Indira Gandhi ka,Vibhuti Srivastava,https://yt3.ggpht.com/7-ionvFmZp-73OXav8ioVZ-4ua5QGnG1BVIq2ypA9GlSaTt7O1Eor7z-VDOsawRik2xLhXH-GA=s48-c-k-c0x00ffffff-no-rj,http://www.youtube.com/channel/UCFIcYCO3SOtVFnVEsMnpdbw,{'value': 'UCFIcYCO3SOtVFnVEsMnpdbw'},True,none,1,2023-07-02T09:54:26Z,2023-07-02T09:54:26Z,UgzI2tR8R9MoMQgDSm54AaABAg,UgzI2tR8R9MoMQgDSm54AaABAg.9reXbGl703J9rehuYT5wfc
G4EVRUFttG0,Indra Gandhi was killed by her bodyguard (who was a khalistan supporter),Indra Gandhi was killed by her bodyguard (who was a khalistan supporter),The Varmint,https://yt3.ggpht.com/ytc/AGIKgqMAMwg4rQFri4bGbPcjb5gdy6Eu-e5VFa3o_TAPZw=s48-c-k-c0x00ffffff-no-rj,http://www.youtube.com/channel/UCkGFs1yGiibLejbbchHoH8g,{'value': 'UCkGFs1yGiibLejbbchHoH8g'},True,none,0,2023-07-02T09:33:04Z,2023-07-02T09:33:04Z,UgzI2tR8R9MoMQgDSm54AaABAg,UgzI2tR8R9MoMQgDSm54AaABAg.9reXbGl703J9refT40GrAW
G4EVRUFttG0,‚Äã@Fru1tzso ur a namazi,‚Äã@Fru1tzso ur a namazi,Alok,https://yt3.ggpht.com/ytc/AGIKgqNyNwS50YFf5njf153Dcj2MQx9ymmtwWtmo1A=s48-c-k-c0x00ffffff-no-rj,http://www.youtube.com/channel/UC-IyXBFBzmI6SFJPY_FYPmg,{'value': 'UC-IyXBFBzmI6SFJPY_FYPmg'},True,none,0,2023-07-05T09:52:20Z,2023-07-05T09:52:20Z,UgzG5xyK6Al4QcjiZiB4AaABAg,UgzG5xyK6Al4QcjiZiB4AaABAg.9reWy7hytTM9rmR2qC4f-_
G4EVRUFttG0,"‚Äã@Rishabh Menaria modi bhakt ya andhbhakt kehte hain bhai,","‚Äã@Rishabh Menaria modi bhakt ya andhbhakt kehte hain bhai,",Rajesh Kumar,https://yt3.ggpht.com/XWgP8J0M65_EEGNro0AeQncNfVjLOjHM_CO8ZapVspfV6iKCH3C3rKgtahKanJbk6GrcT4GO=s48-c-k-c0x00ffffff-no-rj,http://www.youtube.com/channel/UCsBHt82TnuThhGNnHgtBCCQ,{'value': 'UCsBHt82TnuThhGNnHgtBCCQ'},True,none,0,2023-07-05T09:49:56Z,2023-07-05T09:49:56Z,UgzG5xyK6Al4QcjiZiB4AaABAg,UgzG5xyK6Al4QcjiZiB4AaABAg.9reWy7hytTM9rmQmIT71sO
G4EVRUFttG0,@Fru1tz then why they call them bhakt instead of hindu extremists?<br>Because bhakt is a sacred thing right.,"@Fru1tz then why they call them bhakt instead of hindu extremists?
Because bhakt is a sacred thing right.",Rishabh Menaria,https://yt3.ggpht.com/Z2AQqmP6EDOwqKH3ElTgEwHMooiZOsa7aEeuoeejF_69uy45LNoQJSaXwYjdpiVhTuMjPCBf=s48-c-k-c0x00ffffff-no-rj,http://www.youtube.com/channel/UCetlOrnbVCGLtYhIGdEDQ6g,{'value': 'UCetlOrnbVCGLtYhIGdEDQ6g'},True,none,2,2023-07-05T03:32:08Z,2023-07-05T03:32:08Z,UgzG5xyK6Al4QcjiZiB4AaABAg,UgzG5xyK6Al4QcjiZiB4AaABAg.9reWy7hytTM9rlkYD2ymzN
G4EVRUFttG0,‚Äã@Rishabh Menariathe term bhakt in this context means hindu extremists,‚Äã@Rishabh Menariathe term bhakt in this context means hindu extremists,Fru1tz,https://yt3.ggpht.com/ytc/AGIKgqM78_UTzsPdq_IXTUeReD1kIYIpBBDej9mUHhZedQ=s48-c-k-c0x00ffffff-no-rj,http://www.youtube.com/channel/UCQU1ikAXDK2pJnRCssjAl8w,{'value': 'UCQU1ikAXDK2pJnRCssjAl8w'},True,none,0,2023-07-05T03:21:10Z,2023-07-05T03:21:10Z,UgzG5xyK6Al4QcjiZiB4AaABAg,UgzG5xyK6Al4QcjiZiB4AaABAg.9reWy7hytTM9rljHsgWWR0
G4EVRUFttG0,"@Rishabh Menaria the term bhakt means vhi Jo tu hai Modiji ke sperm. Jaha jata hai Dhruv Rathee ka rona rota rehta hai, kyuki tujhse dekha nhi jaata koi Modi ko kuch bol de. Mujhe to koi Congress ko gariye ya AAP ko farak hi nhi padta, but Teri gaand zarur jalti hüòÇüòÇ","@Rishabh Menaria the term bhakt means vhi Jo tu hai Modiji ke sperm. Jaha jata hai Dhruv Rathee ka rona rota rehta hai, kyuki tujhse dekha nhi jaata koi Modi ko kuch bol de. Mujhe to koi Congress ko gariye ya AAP ko farak hi nhi padta, but Teri gaand zarur jalti hüòÇüòÇ",Yash,https://yt3.ggpht.com/ytc/AGIKgqPeKPY_Sm98zDuHc2-3KgNrQXtON5Jh3Qc1VzjQxw=s48-c-k-c0x00ffffff-no-rj,http://www.youtube.com/channel/UCBxBgT_FidbVTBTvlUClRQQ,{'value': 'UCBxBgT_FidbVTBTvlUClRQQ'},True,none,0,2023-07-04T15:44:48Z,2023-07-04T15:44:48Z,UgzG5xyK6Al4QcjiZiB4AaABAg,UgzG5xyK6Al4QcjiZiB4AaABAg.9reWy7hytTM9rkUaTh9IsC
G4EVRUFttG0,DarküíÄ,DarküíÄ,Rashi Chaturvedi,https://yt3.ggpht.com/ytc/AGIKgqNWPO8J8J0ns4h50MdqjofvhtvyawoUKzkixw_msEs=s48-c-k-c0x00ffffff-no-rj,http://www.youtube.com/channel/UC45fFzEoQNQ6dHqpqRCkXcg,{'value': 'UC45fFzEoQNQ6dHqpqRCkXcg'},True,none,0,2023-07-02T07:58:17Z,2023-07-02T07:58:17Z,,UgyCiAlHFojZ-VODc_N4AaABAg
G4EVRUFttG0,Congresstulations to modiji for this ‡§Æ‡§æ‡§ß‡§∞stroke üö©,Congresstulations to modiji for this ‡§Æ‡§æ‡§ß‡§∞stroke üö©,shivam patel,https://yt3.ggpht.com/ytc/AGIKgqP1UkmGO1PZcrwe6a0JXT5wRYZba64OVVnjvn4DPA=s48-c-k-c0x00ffffff-no-rj,http://www.youtube.com/channel/UC2oItunG2bCtAUVj_s9CEEw,{'value': 'UC2oItunG2bCtAUVj_s9CEEw'},True,none,0,2023-07-02T07:30:32Z,2023-07-02T07:30:32Z,,UgxBlIGwf2oiSyFvHdx4AaABAg
G4EVRUFttG0,üóøüóøüóø,üóøüóøüóø,Indian Animeme,https://yt3.ggpht.com/iVEhr92QLOi00vxM-xFgYOWdL7CspgV-d-nAEsqfFzLTtI7jT9vRqgFK4gT9E_kRgZHLq7y3EA=s48-c-k-c0x00ffffff-no-rj,http://www.youtube.com/channel/UCLghWI_do0eaEonTnaSuExg,{'value': 'UCLghWI_do0eaEonTnaSuExg'},True,none,0,2023-07-02T06:43:04Z,2023-07-02T06:43:04Z,,UgzCUl9n8YryjKr2Nhx4AaABAg
G4EVRUFttG0,Memes approved by BJP,Memes approved by BJP,RODESTER Gamer 6060,https://yt3.ggpht.com/ytc/AGIKgqOgSH6pNWAbXHvpeVv3hB23UtsCSfQQC0rBFv2VmA=s48-c-k-c0x00ffffff-no-rj,http://www.youtube.com/channel/UCZO8Yo2PmBuao0Ybk1MGLQA,{'value': 'UCZO8Yo2PmBuao0Ybk1MGLQA'},True,none,21,2023-07-02T06:39:42Z,2023-07-02T06:39:42Z,,Ugzh6j2MJyNs-qDJZIt4AaABAg
G4EVRUFttG0,"A seperate storyline, which doesn&#39;t effect the main storyline.","A seperate storyline, which doesn't effect the main storyline.",Wheel of Thought,https://yt3.ggpht.com/su5AbABwIAGRTL2BCIHdO-CDobMqtOpBtD3W5bdjhRGfI2Dot3q2cVOntZ1T1jy35ZTIllwX6w=s48-c-k-c0x00ffffff-no-rj,http://www.youtube.com/channel/UCj3n-cA_Sg_NA4VSOpMi58g,{'value': 'UCj3n-cA_Sg_NA4VSOpMi58g'},True,none,2,2023-07-02T12:24:30Z,2023-07-02T12:24:30Z,UgwODSEhLdUCKReXC1t4AaABAg,UgwODSEhLdUCKReXC1t4AaABAg.9reKWTLKJIB9rez4jm-gW1
G4EVRUFttG0,in your a..................,in your a..................,hardik parbhakar,https://yt3.ggpht.com/ytc/AGIKgqOPriKF84tAb9Ic7NS7QhVD_tP0aRAicQLJlrYxrg=s48-c-k-c0x00ffffff-no-rj,http://www.youtube.com/channel/UCp2u7sEfpS7UB9hbFTqsjRw,{'value': 'UCp2u7sEfpS7UB9hbFTqsjRw'},True,none,0,2023-07-02T07:41:18Z,2023-07-02T07:41:18Z,UgwODSEhLdUCKReXC1t4AaABAg,UgwODSEhLdUCKReXC1t4AaABAg.9reKWTLKJIB9reTfTF_TKa
G4EVRUFttG0,Zammmm..,Zammmm..,Franc men,https://yt3.ggpht.com/wq8RGHihaT1W0cZ38eIE-O9qqCN1VjH3sD5hkI1qRm2dXvw6_b90C852Mpno8RIUwNtaUbhEjQY=s48-c-k-c0x00ffffff-no-rj,http://www.youtube.com/channel/UCXAhpdKd7iVUtXcqJMosVXw,{'value': 'UCXAhpdKd7iVUtXcqJMosVXw'},True,none,1,2023-07-02T06:20:18Z,2023-07-02T06:20:18Z,,Ugw6TmUKlcKq6ae3tD54AaABAg
G4EVRUFttG0,Delete this within a span of 24 hrs else you will be in Tihar üë∫üë∫üë∫,Delete this within a span of 24 hrs else you will be in Tihar üë∫üë∫üë∫,Yuvraj Singh,https://yt3.ggpht.com/H0Yx9vqTUO3n9BatcTCr1fvc83ccPRb9nIPSaTwZHghV0xS2jl2pLpGzvCCtNvEdWN8PyfNmOdQ=s48-c-k-c0x00ffffff-no-rj,http://www.youtube.com/channel/UCr3TMCgAvMuthubf-PaqdNw,{'value': 'UCr3TMCgAvMuthubf-PaqdNw'},True,none,0,2023-07-02T06:04:50Z,2023-07-02T06:04:50Z,,UgzajEfblJNU9JAM7sN4AaABAg
G4EVRUFttG0,modiji approved this meme,modiji approved this meme,Viraj Singh,https://yt3.ggpht.com/qucpnmtmr3lVWS0lq8AfW_HirIQ7a8jqRte4rcvrCmuRbX-jQ3msArc8eYz1jpnjmZBR4BBqJyg=s48-c-k-c0x00ffffff-no-rj,http://www.youtube.com/channel/UCHTryVXmHFOPz6g99P6lw_Q,{'value': 'UCHTryVXmHFOPz6g99P6lw_Q'},True,none,48,2023-07-02T05:57:48Z,2023-07-02T05:57:48Z,,UgxSJS76jkFvHZKSuMV4AaABAg
G4EVRUFttG0,&quot;Happy Bakrid bro&quot; ~ üêê,"""Happy Bakrid bro"" ~ üêê",The Varmint,https://yt3.ggpht.com/ytc/AGIKgqMAMwg4rQFri4bGbPcjb5gdy6Eu-e5VFa3o_TAPZw=s48-c-k-c0x00ffffff-no-rj,http://www.youtube.com/channel/UCkGFs1yGiibLejbbchHoH8g,{'value': 'UCkGFs1yGiibLejbbchHoH8g'},True,none,3,2023-07-02T09:32:24Z,2023-07-02T09:32:24Z,Ugy_qkNq4CCHqe76PqJ4AaABAg,Ugy_qkNq4CCHqe76PqJ4AaABAg.9reHiqHyvgd9refOG-DPfG
G4EVRUFttG0,Bro bjp member confirmed,Bro bjp member confirmed,mama shakuni,https://yt3.ggpht.com/b-hgCk89MRl2nxXq5CURbj1AZvyH8GfJkxsW9P4O7p42J8NiF-igNMgjoKiCepv41b99FE_l_w=s48-c-k-c0x00ffffff-no-rj,http://www.youtube.com/channel/UCHJtFndK0SaIyxOm-qDC4mA,{'value': 'UCHJtFndK0SaIyxOm-qDC4mA'},True,none,19,2023-07-02T05:41:35Z,2023-07-02T05:41:35Z,,Ugz7tL1N_5tizDWoViZ4AaABAg
G4EVRUFttG0,Suraj ji pehle nanga ho ke nacho tabhi delete hoga,Suraj ji pehle nanga ho ke nacho tabhi delete hoga,khune vidit,https://yt3.ggpht.com/yWre2yL1npxoUd8lHc9U9b0Xb6doeLd46HbRID-CXJir6q1Y03ZCkv5t3r02uoo4sHutDJJa=s48-c-k-c0x00ffffff-no-rj,http://www.youtube.com/channel/UCLoq6TLe7yvh0nkGZe5VHlw,{'value': 'UCLoq6TLe7yvh0nkGZe5VHlw'},True,none,0,2023-07-04T03:43:35Z,2023-07-04T03:43:35Z,Ugy8pspCNmQydtPbLbl4AaABAg,Ugy8pspCNmQydtPbLbl4AaABAg.9reFcbXy10s9rjC34yCu34
G4EVRUFttG0,@hardik parbhakarüòÇüòÇüòÇüòÇüòÇüòÇüòÇ,@hardik parbhakarüòÇüòÇüòÇüòÇüòÇüòÇüòÇ,Anentjay Siingh,https://yt3.ggpht.com/ytc/AGIKgqMzufjWvenFxtZprxupkKJnd5ZRYZj-sutxQQ=s48-c-k-c0x00ffffff-no-rj,http://www.youtube.com/channel/UCQNO-Qfhg9cYC9a-JhScPlg,{'value': 'UCQNO-Qfhg9cYC9a-JhScPlg'},True,none,0,2023-07-02T14:35:49Z,2023-07-02T14:35:49Z,Ugy8pspCNmQydtPbLbl4AaABAg,Ugy8pspCNmQydtPbLbl4AaABAg.9reFcbXy10s9rfD6Vcv7ar
G4EVRUFttG0,‚Äã@Viraj Singh yes ye sab mayajaal h asli villian to amit malviya h jiske paas sabki internet history h aur jisko sabki waifu aur husbandos ki information h aur kalyug k ant m jai kalki rahul ji inka sanghaar krk mohabbat ki dukkan kholenge jisme free ki russian milegi,‚Äã@Viraj Singh yes ye sab mayajaal h asli villian to amit malviya h jiske paas sabki internet history h aur jisko sabki waifu aur husbandos ki information h aur kalyug k ant m jai kalki rahul ji inka sanghaar krk mohabbat ki dukkan kholenge jisme free ki russian milegi,hardik parbhakar,https://yt3.ggpht.com/ytc/AGIKgqOPriKF84tAb9Ic7NS7QhVD_tP0aRAicQLJlrYxrg=s48-c-k-c0x00ffffff-no-rj,http://www.youtube.com/channel/UCp2u7sEfpS7UB9hbFTqsjRw,{'value': 'UCp2u7sEfpS7UB9hbFTqsjRw'},True,none,7,2023-07-02T07:44:51Z,2023-07-02T07:44:51Z,Ugy8pspCNmQydtPbLbl4AaABAg,Ugy8pspCNmQydtPbLbl4AaABAg.9reFcbXy10s9reU4TTYJZd
G4EVRUFttG0,‚Äã@Viraj Singhhe trolls hindus to but still bjp it cell,‚Äã@Viraj Singhhe trolls hindus to but still bjp it cell,mama shakuni,https://yt3.ggpht.com/b-hgCk89MRl2nxXq5CURbj1AZvyH8GfJkxsW9P4O7p42J8NiF-igNMgjoKiCepv41b99FE_l_w=s48-c-k-c0x00ffffff-no-rj,http://www.youtube.com/channel/UCHJtFndK0SaIyxOm-qDC4mA,{'value': 'UCHJtFndK0SaIyxOm-qDC4mA'},True,none,9,2023-07-02T06:33:19Z,2023-07-02T06:33:19Z,Ugy8pspCNmQydtPbLbl4AaABAg,Ugy8pspCNmQydtPbLbl4AaABAg.9reFcbXy10s9reLt_mu7uj
G4EVRUFttG0,mememandir is from BJP IT Cell there is nothing you can do,mememandir is from BJP IT Cell there is nothing you can do,Viraj Singh,https://yt3.ggpht.com/qucpnmtmr3lVWS0lq8AfW_HirIQ7a8jqRte4rcvrCmuRbX-jQ3msArc8eYz1jpnjmZBR4BBqJyg=s48-c-k-c0x00ffffff-no-rj,http://www.youtube.com/channel/UCHTryVXmHFOPz6g99P6lw_Q,{'value': 'UCHTryVXmHFOPz6g99P6lw_Q'},True,none,4,2023-07-02T05:57:04Z,2023-07-02T05:57:04Z,Ugy8pspCNmQydtPbLbl4AaABAg,Ugy8pspCNmQydtPbLbl4AaABAg.9reFcbXy10s9reHk0OucwN
G4EVRUFttG0,@keshav PAR BDSM HOGA TO ADMIN KE SATH HI  <br>MAME UTHA LE JAYENGE SASURALüòÖ,"@keshav PAR BDSM HOGA TO ADMIN KE SATH HI  
MAME UTHA LE JAYENGE SASURALüòÖ",VASCO,https://yt3.ggpht.com/Dm_1zn5bXi2OTQbfaW6YmJDQLvOq7rZM863b_vIKuMmQ_LmRXxGPo2KyhY60QmQnjtT9toQDMv4=s48-c-k-c0x00ffffff-no-rj,http://www.youtube.com/channel/UCHC7ioYiYNlxpks1rYe4OuQ,{'value': 'UCHC7ioYiYNlxpks1rYe4OuQ'},True,none,1,2023-07-03T07:11:10Z,2023-07-03T07:11:10Z,UgyzCha7-JhC8GKTPfV4AaABAg,UgyzCha7-JhC8GKTPfV4AaABAg.9reFRwbQf499rh-0amscM5
G4EVRUFttG0,@Ayushman Mishra apne kaha humne suna ü§ù,@Ayushman Mishra apne kaha humne suna ü§ù,keshav,https://yt3.ggpht.com/-fdrSihU4dF3R_qI0XxUSPs3x-tbzht9rF_5lwptaYLujUrWrHrUxll2OqhzCGe4XLsEMXgpXw=s48-c-k-c0x00ffffff-no-rj,http://www.youtube.com/channel/UCH8Mw-wKjEPc79TAN7yLKcg,{'value': 'UCH8Mw-wKjEPc79TAN7yLKcg'},True,none,3,2023-07-02T17:36:48Z,2023-07-02T17:36:48Z,UgyzCha7-JhC8GKTPfV4AaABAg,UgyzCha7-JhC8GKTPfV4AaABAg.9reFRwbQf499rfXp3OEg6v
G4EVRUFttG0,@keshav bhartiya dank sarvajanik mandal (BDSM) jyada accha naam hoga bhai,@keshav bhartiya dank sarvajanik mandal (BDSM) jyada accha naam hoga bhai,Ayushman Mishra,https://yt3.ggpht.com/PtdDNdPhnw4F53h9rlp1xVVScg3eAqOYofZVknj2caL4obR81not9OZwQ2itv-NmuIdibPKmKA=s48-c-k-c0x00ffffff-no-rj,http://www.youtube.com/channel/UC_WId_-jdOkK-gw3SNnSFxA,{'value': 'UC_WId_-jdOkK-gw3SNnSFxA'},True,none,7,2023-07-02T10:57:36Z,2023-07-02T10:57:36Z,UgyzCha7-JhC8GKTPfV4AaABAg,UgyzCha7-JhC8GKTPfV4AaABAg.9reFRwbQf499rep8Dubh7A
G4EVRUFttG0,Bhartiya dank sarvajanik mandal (BDSM) ki taraf se support vyakt karta hu,Bhartiya dank sarvajanik mandal (BDSM) ki taraf se support vyakt karta hu,keshav,https://yt3.ggpht.com/-fdrSihU4dF3R_qI0XxUSPs3x-tbzht9rF_5lwptaYLujUrWrHrUxll2OqhzCGe4XLsEMXgpXw=s48-c-k-c0x00ffffff-no-rj,http://www.youtube.com/channel/UCH8Mw-wKjEPc79TAN7yLKcg,{'value': 'UCH8Mw-wKjEPc79TAN7yLKcg'},True,none,12,2023-07-02T09:32:24Z,2023-07-02T17:36:17Z,UgyzCha7-JhC8GKTPfV4AaABAg,UgyzCha7-JhC8GKTPfV4AaABAg.9reFRwbQf499refOE7dx6_
G4EVRUFttG0,Bhai me tere mandir me roj aunga pls memes dalte re <br>~ <b>ATHIEST</b>,"Bhai me tere mandir me roj aunga pls memes dalte re 
~ *ATHIEST*",you complete me,https://yt3.ggpht.com/tMkYBWJ1eOxVlx_ElTiRfQVGK3jrIojKgTW35c8m3QRqoi50g5TZ47XvQ2FGa7zFp0LArLlL=s48-c-k-c0x00ffffff-no-rj,http://www.youtube.com/channel/UCSBFV1Mzg628gzMKWVnew0g,{'value': 'UCSBFV1Mzg628gzMKWVnew0g'},True,none,12,2023-07-02T05:42:15Z,2023-07-02T05:42:15Z,UgyzCha7-JhC8GKTPfV4AaABAg,UgyzCha7-JhC8GKTPfV4AaABAg.9reFRwbQf499reG2W-6jCf
G4EVRUFttG0,Fuck congress,Fuck congress,Fenrir,https://yt3.ggpht.com/ytc/AGIKgqPPQ3vqIDzbJzrqxV4xtuqFV5GotkrtzcLqSLVKzA=s48-c-k-c0x00ffffff-no-rj,http://www.youtube.com/channel/UCNlKepx2vFd8UEX0nijwtHA,{'value': 'UCNlKepx2vFd8UEX0nijwtHA'},True,none,1,2023-07-02T11:40:52Z,2023-07-02T11:40:52Z,Ugwk6WxJKEOltMtUVU14AaABAg,Ugwk6WxJKEOltMtUVU14AaABAg.9reFOz3-nEx9reu57b09h7
G4EVRUFttG0,He&#39;s not scared of congress <br>Congress is scared of him,"He's not scared of congress 
Congress is scared of him",djs,https://yt3.ggpht.com/ytc/AGIKgqPPNUpV_36hE33YSRsPrCy5iRMSh8GENVaUMRehw01jKH44frV1XzChPJnfa6sL=s48-c-k-c0x00ffffff-no-rj,http://www.youtube.com/channel/UCZrAMAZMdqz8eT4XUFYqShA,{'value': 'UCZrAMAZMdqz8eT4XUFYqShA'},True,none,0,2023-07-02T15:55:56Z,2023-07-02T15:55:56Z,UgzBe_KuCDw6YSIPOUd4AaABAg,UgzBe_KuCDw6YSIPOUd4AaABAg.9reElkpkr799rfMHKXMG8A
G4EVRUFttG0,&quot;You can&#39;t stop it.<br>It&#39;s a CANON EVENT.&quot;<br>                    -Rahul O&#39;Hara,"""You can't stop it.
It's a CANON EVENT.""
                    -Rahul O'Hara",bhaskar,https://yt3.ggpht.com/ytc/AGIKgqNXdq2XMImyYtjiXJ1W4N9qjGgDHF9aHT5U1zjBTw=s48-c-k-c0x00ffffff-no-rj,http://www.youtube.com/channel/UC1rgN0LmrhypUtT0A9OFIvw,{'value': 'UC1rgN0LmrhypUtT0A9OFIvw'},True,none,19,2023-07-02T07:01:26Z,2023-07-02T07:01:26Z,UgzBe_KuCDw6YSIPOUd4AaABAg,UgzBe_KuCDw6YSIPOUd4AaABAg.9reElkpkr799reP6WYOIMH
